-- ============================================================
--  TicketRush – Seed Data
--  Database: Supabase (PostgreSQL)
--  Chạy lệnh: paste vào Supabase SQL Editor rồi Run
-- ============================================================

-- Xóa dữ liệu cũ (theo thứ tự FK)
TRUNCATE TABLE tickets         CASCADE;
TRUNCATE TABLE order_seats     CASCADE;
TRUNCATE TABLE orders          CASCADE;
TRUNCATE TABLE seats           CASCADE;
TRUNCATE TABLE zones           CASCADE;
TRUNCATE TABLE seat_types      CASCADE;
TRUNCATE TABLE event_sessions  CASCADE;
TRUNCATE TABLE events          CASCADE;
TRUNCATE TABLE categories      CASCADE;
TRUNCATE TABLE users           CASCADE;

-- ============================================================
-- 1. CATEGORIES (7 thể loại)
-- ============================================================

INSERT INTO categories (id, name, is_deleted) VALUES
  ('11111111-0000-0000-0000-000000000001', 'Âm nhạc',         false),
  ('11111111-0000-0000-0000-000000000002', 'Thể thao',         false),
  ('11111111-0000-0000-0000-000000000003', 'Nghệ thuật',       false),
  ('11111111-0000-0000-0000-000000000004', 'Hội nghị',         false),
  ('11111111-0000-0000-0000-000000000005', 'Ẩm thực',          false),
  ('11111111-0000-0000-0000-000000000006', 'Phim & Truyền hình',false),
  ('11111111-0000-0000-0000-000000000007', 'Giáo dục',         false);

-- ============================================================
-- 2. USERS (20 người dùng)
-- ============================================================

INSERT INTO users (id, full_name, gender, phone, email, birth_date, created_at, avatar_url) VALUES
  ('22222222-0000-0000-0000-000000000001','Nguyễn Văn An',    'MALE',   '0901234501','an.nguyen@gmail.com',    '1995-03-15', '2024-01-10 08:00:00', NULL),
  ('22222222-0000-0000-0000-000000000002','Trần Thị Bình',    'FEMALE', '0901234502','binh.tran@gmail.com',    '1998-07-22', '2024-01-12 09:00:00', NULL),
  ('22222222-0000-0000-0000-000000000003','Lê Minh Cường',    'MALE',   '0901234503','cuong.le@gmail.com',     '1993-11-05', '2024-01-15 10:00:00', NULL),
  ('22222222-0000-0000-0000-000000000004','Phạm Thị Dung',    'FEMALE', '0901234504','dung.pham@gmail.com',    '2000-02-28', '2024-01-20 11:00:00', NULL),
  ('22222222-0000-0000-0000-000000000005','Hoàng Văn Em',     'MALE',   '0901234505','em.hoang@gmail.com',     '1997-09-18', '2024-02-01 08:30:00', NULL),
  ('22222222-0000-0000-0000-000000000006','Vũ Thị Flan',      'FEMALE', '0901234506','flan.vu@gmail.com',      '1999-04-10', '2024-02-05 09:30:00', NULL),
  ('22222222-0000-0000-0000-000000000007','Đặng Văn Giang',   'MALE',   '0901234507','giang.dang@gmail.com',   '1994-12-25', '2024-02-10 10:30:00', NULL),
  ('22222222-0000-0000-0000-000000000008','Bùi Thị Hà',       'FEMALE', '0901234508','ha.bui@gmail.com',       '2001-06-30', '2024-02-15 11:30:00', NULL),
  ('22222222-0000-0000-0000-000000000009','Ngô Văn Inh',      'MALE',   '0901234509','inh.ngo@gmail.com',      '1992-08-14', '2024-03-01 08:00:00', NULL),
  ('22222222-0000-0000-0000-000000000010','Đinh Thị Kim',     'FEMALE', '0901234510','kim.dinh@gmail.com',     '1996-01-20', '2024-03-05 09:00:00', NULL),
  ('22222222-0000-0000-0000-000000000011','Trương Văn Long',  'MALE',   '0901234511','long.truong@gmail.com',  '1990-05-08', '2024-03-10 10:00:00', NULL),
  ('22222222-0000-0000-0000-000000000012','Lý Thị Mai',       'FEMALE', '0901234512','mai.ly@gmail.com',       '2002-10-15', '2024-03-15 11:00:00', NULL),
  ('22222222-0000-0000-0000-000000000013','Phan Văn Nam',     'MALE',   '0901234513','nam.phan@gmail.com',     '1988-03-22', '2024-04-01 08:30:00', NULL),
  ('22222222-0000-0000-0000-000000000014','Hồ Thị Oanh',      'FEMALE', '0901234514','oanh.ho@gmail.com',      '2003-07-11', '2024-04-05 09:30:00', NULL),
  ('22222222-0000-0000-0000-000000000015','Đỗ Văn Phúc',      'MALE',   '0901234515','phuc.do@gmail.com',      '1991-09-03', '2024-04-10 10:30:00', NULL),
  ('22222222-0000-0000-0000-000000000016','Cao Thị Quỳnh',    'FEMALE', '0901234516','quynh.cao@gmail.com',    '1997-12-18', '2024-04-15 11:30:00', NULL),
  ('22222222-0000-0000-0000-000000000017','Lưu Văn Rồng',     'MALE',   '0901234517','rong.luu@gmail.com',     '1985-02-14', '2024-05-01 08:00:00', NULL),
  ('22222222-0000-0000-0000-000000000018','Tô Thị Sen',       'FEMALE', '0901234518','sen.to@gmail.com',       '2000-11-27', '2024-05-05 09:00:00', NULL),
  ('22222222-0000-0000-0000-000000000019','Lâm Văn Tùng',     'MALE',   '0901234519','tung.lam@gmail.com',     '1993-04-06', '2024-05-10 10:00:00', NULL),
  ('22222222-0000-0000-0000-000000000020','Kiều Thị Uyên',    'FEMALE', '0901234520','uyen.kieu@gmail.com',    '1999-08-19', '2024-05-15 11:00:00', NULL);

-- ============================================================
-- 3. EVENTS (14 sự kiện – đủ 3 status: ONCOMING, ONGOING, COMPLETED)
-- ============================================================
-- Sơ đồ:
--   Âm nhạc:          E01(ONCOMING)  E02(ONGOING)
--   Thể thao:         E03(COMPLETED) E04(ONGOING)
--   Nghệ thuật:       E05(ONCOMING)  E06(COMPLETED)
--   Hội nghị:         E07(ONGOING)   E08(ONCOMING)
--   Ẩm thực:          E09(COMPLETED) E10(ONGOING)
--   Phim & Truyền hình: E11(ONCOMING)  E12(COMPLETED)
--   Giáo dục:         E13(ONGOING)   E14(COMPLETED)

INSERT INTO events (id, category_id, title, organizer, description, address, banner_url, status, start_time, created_at, updated_at) VALUES

-- ── Âm nhạc ───────────────────────────────────────────────────────────────
('33333333-0000-0000-0000-000000000001',
 '11111111-0000-0000-0000-000000000001',
 'Vietnam Music Festival 2026',
 'TicketRush Entertainment',
 'Đại nhạc hội mùa hè với sự góp mặt của hơn 30 nghệ sĩ đình đám trong và ngoài nước. Sân khấu hoành tráng, âm thanh đỉnh cao.',
 'Sân vận động Quốc gia Mỹ Đình, Hà Nội',
 'https://images.unsplash.com/photo-1470229722913-7c0e2dbbafd3?w=1200',
 'ONCOMING', '2026-08-15 19:00:00', NOW(), NOW()),

('33333333-0000-0000-0000-000000000002',
 '11111111-0000-0000-0000-000000000001',
 'Đêm nhạc Trịnh Công Sơn – Một Cõi Đi Về',
 'Nhà hát Lớn Hà Nội',
 'Chương trình tưởng nhớ 24 năm ngày mất của nhạc sĩ Trịnh Công Sơn với giọng ca Khánh Ly, Hồng Nhung, Mỹ Linh.',
 'Nhà hát Lớn Hà Nội, 1 Tràng Tiền, Hoàn Kiếm',
 'https://images.unsplash.com/photo-1493225457124-a3eb161ffa5f?w=1200',
 'ONGOING', '2026-06-01 20:00:00', NOW(), NOW()),

-- ── Thể thao ──────────────────────────────────────────────────────────────
('33333333-0000-0000-0000-000000000003',
 '11111111-0000-0000-0000-000000000002',
 'Giải Marathon Hà Nội 2024',
 'Liên đoàn Điền kinh Việt Nam',
 'Giải chạy marathon quốc tế lớn nhất miền Bắc với hơn 10.000 vận động viên tham dự từ 50 quốc gia.',
 'Hồ Hoàn Kiếm, Hoàn Kiếm, Hà Nội',
 'https://images.unsplash.com/photo-1552674605-db6ffd4facb5?w=1200',
 'COMPLETED', '2024-10-20 05:30:00', NOW(), NOW()),

('33333333-0000-0000-0000-000000000004',
 '11111111-0000-0000-0000-000000000002',
 'V.League 2026 – Hà Nội FC vs Bình Dương',
 'VFF – Liên đoàn Bóng đá Việt Nam',
 'Trận đấu vòng 18 V.League 2026 giữa Hà Nội FC và Bình Dương FC. Căng thẳng và hấp dẫn trên sân Hàng Đẫy.',
 'Sân vận động Hàng Đẫy, Đống Đa, Hà Nội',
 'https://images.unsplash.com/photo-1508098682722-e99c43a406b2?w=1200',
 'ONGOING', '2026-06-18 18:00:00', NOW(), NOW()),

-- ── Nghệ thuật ────────────────────────────────────────────────────────────
('33333333-0000-0000-0000-000000000005',
 '11111111-0000-0000-0000-000000000003',
 'Triển lãm nghệ thuật đương đại – FORM 2026',
 'Bảo tàng Mỹ thuật Việt Nam',
 'Triển lãm quy mô lớn với hơn 200 tác phẩm hội họa, điêu khắc và sắp đặt của 80 nghệ sĩ đương đại.',
 'Bảo tàng Mỹ thuật Việt Nam, 66 Nguyễn Thái Học, Ba Đình',
 'https://images.unsplash.com/photo-1594999322317-5a03ee5c3f24?w=1200',
 'ONCOMING', '2026-09-01 09:00:00', NOW(), NOW()),

('33333333-0000-0000-0000-000000000006',
 '11111111-0000-0000-0000-000000000003',
 'Múa rối nước truyền thống – Đêm hội sông Hồng',
 'Nhà hát Múa rối Trung ương',
 'Chương trình biểu diễn múa rối nước ngoài trời kết hợp âm nhạc dân tộc và ánh sáng nghệ thuật.',
 'Bờ hồ Hoàn Kiếm, Hà Nội',
 'https://images.unsplash.com/photo-1574781330855-d0db8cc6a79c?w=1200',
 'COMPLETED', '2026-02-14 19:30:00', NOW(), NOW()),

-- ── Hội nghị ──────────────────────────────────────────────────────────────
('33333333-0000-0000-0000-000000000007',
 '11111111-0000-0000-0000-000000000004',
 'Vietnam Tech Summit 2026',
 'VietTech Association',
 'Hội nghị công nghệ thường niên quy tụ 500+ chuyên gia, nhà đầu tư và startup công nghệ hàng đầu Đông Nam Á.',
 'Trung tâm Hội nghị Quốc gia, Mỹ Đình, Hà Nội',
 'https://images.unsplash.com/photo-1540575467063-178a50c2df87?w=1200',
 'ONGOING', '2026-06-15 08:00:00', NOW(), NOW()),

('33333333-0000-0000-0000-000000000008',
 '11111111-0000-0000-0000-000000000004',
 'Hội thảo Startup & Đầu tư 2026',
 'Vietnam Startup Network',
 'Kết nối hơn 200 startup tiềm năng với 50 quỹ đầu tư mạo hiểm trong và ngoài nước.',
 'WeWork Tower, Láng Hạ, Đống Đa, Hà Nội',
 'https://images.unsplash.com/photo-1556761175-b413da4baf72?w=1200',
 'ONCOMING', '2026-07-10 08:30:00', NOW(), NOW()),

-- ── Ẩm thực ───────────────────────────────────────────────────────────────
('33333333-0000-0000-0000-000000000009',
 '11111111-0000-0000-0000-000000000005',
 'Lễ hội ẩm thực đường phố Hà Nội 2024',
 'Hiệp hội Du lịch Hà Nội',
 'Hội tụ 150 gian hàng ẩm thực đặc sắc từ 30 tỉnh thành, cùng các cuộc thi nấu ăn và biểu diễn nghệ thuật.',
 'Phố đi bộ Nguyễn Huệ, Quận 1, TP.HCM',
 'https://images.unsplash.com/photo-1504674900247-0877df9cc836?w=1200',
 'COMPLETED', '2024-11-30 10:00:00', NOW(), NOW()),

('33333333-0000-0000-0000-000000000010',
 '11111111-0000-0000-0000-000000000005',
 'Festival Phở 2026 – Hành trình hương vị',
 'Hiệp hội Văn hóa Ẩm thực Việt Nam',
 'Sự kiện tôn vinh món ăn quốc hồn quốc túy – Phở Việt Nam với sự tham gia của 50 quán phở nổi tiếng nhất cả nước.',
 'Quảng trường Đông Kinh Nghĩa Thục, Hoàn Kiếm, Hà Nội',
 'https://images.unsplash.com/photo-1555126634-323283e090fa?w=1200',
 'ONGOING', '2026-06-10 10:00:00', NOW(), NOW()),

-- ── Phim & Truyền hình ────────────────────────────────────────────────────
('33333333-0000-0000-0000-000000000011',
 '11111111-0000-0000-0000-000000000006',
 'Liên hoan Phim Quốc tế Hà Nội lần thứ 8',
 'Cục Điện ảnh Việt Nam',
 'HANIFF lần thứ 8 quy tụ hơn 100 bộ phim từ 40 quốc gia. Chiếu phim ngoài trời miễn phí, triển lãm ảnh điện ảnh.',
 'Rạp Quốc gia – Trung tâm Chiếu phim Quốc gia, 87 Láng Hạ',
 'https://images.unsplash.com/photo-1440404653325-ab127d49abc1?w=1200',
 'ONCOMING', '2026-10-08 18:00:00', NOW(), NOW()),

('33333333-0000-0000-0000-000000000012',
 '11111111-0000-0000-0000-000000000006',
 'Công chiếu phim "Đất rừng phương Nam" bản Director''s Cut',
 'Galaxy Entertainment',
 'Buổi chiếu đặc biệt phiên bản đạo diễn của bộ phim bom tấn Việt Nam với 30 phút cảnh quay chưa từng công bố.',
 'CGV Vincom Center Bà Triệu, Hai Bà Trưng, Hà Nội',
 'https://images.unsplash.com/photo-1517604931442-7e0c8ed2963c?w=1200',
 'COMPLETED', '2026-01-25 19:30:00', NOW(), NOW()),

-- ── Giáo dục ──────────────────────────────────────────────────────────────
('33333333-0000-0000-0000-000000000013',
 '11111111-0000-0000-0000-000000000007',
 'Hackathon AI 2026 – Build for Vietnam',
 'FPT Education & Google Vietnam',
 '48 giờ lập trình liên tục. Giải thưởng tổng trị giá 500 triệu đồng. Chủ đề: Ứng dụng AI giải quyết bài toán Việt Nam.',
 'ĐH FPT Hà Nội, Thạch Thất, Hà Nội',
 'https://images.unsplash.com/photo-1504384308090-c894fdcc538d?w=1200',
 'ONGOING', '2026-06-16 08:00:00', NOW(), NOW()),

('33333333-0000-0000-0000-000000000014',
 '11111111-0000-0000-0000-000000000007',
 'Hội chợ Giáo dục Quốc tế EduFair 2024',
 'Bộ Giáo dục và Đào tạo',
 'Hơn 80 trường đại học danh tiếng từ 20 quốc gia tham gia tư vấn du học, học bổng và chương trình liên kết.',
 'Cung Văn hóa Hữu nghị Việt Xô, Trần Hưng Đạo, Hà Nội',
 'https://images.unsplash.com/photo-1523050854058-8df90110c9f1?w=1200',
 'COMPLETED', '2024-12-15 08:30:00', NOW(), NOW());

-- ============================================================
-- 4. EVENT_SESSIONS
-- Mỗi event có 1-2 session tuỳ loại
-- ============================================================

INSERT INTO event_sessions (id, event_id, name, start_at, end_at, status) VALUES

-- E01 ONCOMING – 2 sessions (ngày 1 + ngày 2)
('44444444-0000-0000-0000-000000000001','33333333-0000-0000-0000-000000000001','Ngày 1 – Opening Night','2026-08-15 19:00:00','2026-08-15 23:00:00','ON_SALE'),
('44444444-0000-0000-0000-000000000002','33333333-0000-0000-0000-000000000001','Ngày 2 – Grand Finale','2026-08-16 19:00:00','2026-08-16 23:30:00','ON_SALE'),

-- E02 ONGOING – 1 session đang diễn ra
('44444444-0000-0000-0000-000000000003','33333333-0000-0000-0000-000000000002','Đêm nhạc chính','2026-06-01 20:00:00','2026-06-01 22:30:00','ON_SALE'),

-- E03 COMPLETED – 2 sessions đã xong
('44444444-0000-0000-0000-000000000004','33333333-0000-0000-0000-000000000003','Cự ly 42km – Full Marathon','2024-10-20 05:30:00','2024-10-20 12:00:00','COMPLETE'),
('44444444-0000-0000-0000-000000000005','33333333-0000-0000-0000-000000000003','Cự ly 10km – Fun Run','2024-10-20 07:00:00','2024-10-20 10:00:00','COMPLETE'),

-- E04 ONGOING – 1 session
('44444444-0000-0000-0000-000000000006','33333333-0000-0000-0000-000000000004','Trận đấu chính','2026-06-18 18:00:00','2026-06-18 20:00:00','ON_SALE'),

-- E05 ONCOMING – 1 session
('44444444-0000-0000-0000-000000000007','33333333-0000-0000-0000-000000000005','Khai mạc triển lãm','2026-09-01 09:00:00','2026-09-30 21:00:00','ON_SALE'),

-- E06 COMPLETED – 2 sessions
('44444444-0000-0000-0000-000000000008','33333333-0000-0000-0000-000000000006','Suất diễn 1 – 19:30','2026-02-14 19:30:00','2026-02-14 21:00:00','COMPLETE'),
('44444444-0000-0000-0000-000000000009','33333333-0000-0000-0000-000000000006','Suất diễn 2 – 21:30','2026-02-14 21:30:00','2026-02-14 23:00:00','COMPLETE'),

-- E07 ONGOING – 2 sessions (ngày 1 & 2)
('44444444-0000-0000-0000-000000000010','33333333-0000-0000-0000-000000000007','Ngày 1 – Keynotes & Panels','2026-06-15 08:00:00','2026-06-15 18:00:00','ON_SALE'),
('44444444-0000-0000-0000-000000000011','33333333-0000-0000-0000-000000000007','Ngày 2 – Workshops & Demo Day','2026-06-16 08:00:00','2026-06-16 18:00:00','ON_SALE'),

-- E08 ONCOMING – 1 session
('44444444-0000-0000-0000-000000000012','33333333-0000-0000-0000-000000000008','Hội thảo chính','2026-07-10 08:30:00','2026-07-10 17:00:00','ON_SALE'),

-- E09 COMPLETED – 1 session
('44444444-0000-0000-0000-000000000013','33333333-0000-0000-0000-000000000009','Lễ hội ẩm thực','2024-11-30 10:00:00','2024-12-01 22:00:00','COMPLETE'),

-- E10 ONGOING – 1 session
('44444444-0000-0000-0000-000000000014','33333333-0000-0000-0000-000000000010','Festival Phở chính','2026-06-10 10:00:00','2026-06-11 21:00:00','ON_SALE'),

-- E11 ONCOMING – 1 session
('44444444-0000-0000-0000-000000000015','33333333-0000-0000-0000-000000000011','Liên hoan phim','2026-10-08 18:00:00','2026-10-12 22:00:00','ON_SALE'),

-- E12 COMPLETED – 1 session
('44444444-0000-0000-0000-000000000016','33333333-0000-0000-0000-000000000012','Buổi chiếu đặc biệt','2026-01-25 19:30:00','2026-01-25 22:00:00','COMPLETE'),

-- E13 ONGOING – 1 session (48h hackathon)
('44444444-0000-0000-0000-000000000017','33333333-0000-0000-0000-000000000013','Hackathon 48 giờ','2026-06-16 08:00:00','2026-06-18 08:00:00','ON_SALE'),

-- E14 COMPLETED – 2 sessions
('44444444-0000-0000-0000-000000000018','33333333-0000-0000-0000-000000000014','Ngày 1 – Tư vấn du học','2024-12-15 08:30:00','2024-12-15 17:00:00','COMPLETE'),
('44444444-0000-0000-0000-000000000019','33333333-0000-0000-0000-000000000014','Ngày 2 – Hội thảo học bổng','2024-12-16 08:30:00','2024-12-16 17:00:00','COMPLETE');

-- ============================================================
-- 5. SEAT_TYPES (3-4 loại/event, giá đa dạng)
-- ============================================================

INSERT INTO seat_types (id, event_id, name, price, label, color) VALUES

-- E01 Vietnam Music Festival
('55555555-0000-0000-0000-000000000001','33333333-0000-0000-0000-000000000001','VIP Diamond',2500000,'VIP','#FFD700'),
('55555555-0000-0000-0000-000000000002','33333333-0000-0000-0000-000000000001','VIP Gold',   1800000,'VIP','#FFA500'),
('55555555-0000-0000-0000-000000000003','33333333-0000-0000-0000-000000000001','Standard',    800000,'STD','#4FC3F7'),
('55555555-0000-0000-0000-000000000004','33333333-0000-0000-0000-000000000001','Fan Zone',    400000,'FAN','#81C784'),

-- E02 Đêm nhạc Trịnh Công Sơn
('55555555-0000-0000-0000-000000000005','33333333-0000-0000-0000-000000000002','Hạng Đặc biệt',1200000,'SPE','#E91E63'),
('55555555-0000-0000-0000-000000000006','33333333-0000-0000-0000-000000000002','Hạng A',        800000,'A',  '#9C27B0'),
('55555555-0000-0000-0000-000000000007','33333333-0000-0000-0000-000000000002','Hạng B',        500000,'B',  '#3F51B5'),

-- E03 Marathon
('55555555-0000-0000-0000-000000000008','33333333-0000-0000-0000-000000000003','Full Marathon 42km',1500000,'42K','#F44336'),
('55555555-0000-0000-0000-000000000009','33333333-0000-0000-0000-000000000003','Half Marathon 21km',  900000,'21K','#FF9800'),
('55555555-0000-0000-0000-000000000010','33333333-0000-0000-0000-000000000003','Fun Run 10km',        400000,'10K','#4CAF50'),

-- E04 Bóng đá V.League
('55555555-0000-0000-0000-000000000011','33333333-0000-0000-0000-000000000004','Khán đài VIP',    500000,'VIP','#FFD700'),
('55555555-0000-0000-0000-000000000012','33333333-0000-0000-0000-000000000004','Khán đài A',      300000,'A',  '#2196F3'),
('55555555-0000-0000-0000-000000000013','33333333-0000-0000-0000-000000000004','Khán đài B',      150000,'B',  '#4CAF50'),

-- E05 Triển lãm nghệ thuật
('55555555-0000-0000-0000-000000000014','33333333-0000-0000-0000-000000000005','Vé thường',   150000,'STD','#607D8B'),
('55555555-0000-0000-0000-000000000015','33333333-0000-0000-0000-000000000005','Vé ưu tiên',  250000,'PRI','#9C27B0'),

-- E06 Múa rối nước
('55555555-0000-0000-0000-000000000016','33333333-0000-0000-0000-000000000006','Hạng VIP',   500000,'VIP','#F44336'),
('55555555-0000-0000-0000-000000000017','33333333-0000-0000-0000-000000000006','Hạng A',     300000,'A',  '#FF9800'),
('55555555-0000-0000-0000-000000000018','33333333-0000-0000-0000-000000000006','Hạng B',     150000,'B',  '#4CAF50'),

-- E07 Vietnam Tech Summit
('55555555-0000-0000-0000-000000000019','33333333-0000-0000-0000-000000000007','VIP Pass (2 ngày)',5000000,'VIP','#FFD700'),
('55555555-0000-0000-0000-000000000020','33333333-0000-0000-0000-000000000007','Standard Pass',    2000000,'STD','#2196F3'),
('55555555-0000-0000-0000-000000000021','33333333-0000-0000-0000-000000000007','Online Pass',        500000,'ONL','#4CAF50'),

-- E08 Hội thảo Startup
('55555555-0000-0000-0000-000000000022','33333333-0000-0000-0000-000000000008','Startup Ticket',  800000,'STR','#FF5722'),
('55555555-0000-0000-0000-000000000023','33333333-0000-0000-0000-000000000008','Investor Ticket',2000000,'INV','#FFD700'),

-- E09 Ẩm thực đường phố
('55555555-0000-0000-0000-000000000024','33333333-0000-0000-0000-000000000009','Vé vào cổng',   100000,'ENT','#4CAF50'),
('55555555-0000-0000-0000-000000000025','33333333-0000-0000-0000-000000000009','Vé VIP+Food',   350000,'VIP','#FFD700'),

-- E10 Festival Phở
('55555555-0000-0000-0000-000000000026','33333333-0000-0000-0000-000000000010','Vé tham dự',    80000,'STD','#FF9800'),
('55555555-0000-0000-0000-000000000027','33333333-0000-0000-0000-000000000010','Vé Premium',   200000,'PRM','#F44336'),

-- E11 Liên hoan Phim
('55555555-0000-0000-0000-000000000028','33333333-0000-0000-0000-000000000011','Vé thường',    120000,'STD','#607D8B'),
('55555555-0000-0000-0000-000000000029','33333333-0000-0000-0000-000000000011','Vé All Access',500000,'ALL','#9C27B0'),

-- E12 Phim Director Cut
('55555555-0000-0000-0000-000000000030','33333333-0000-0000-0000-000000000012','Hạng thường',   150000,'STD','#607D8B'),
('55555555-0000-0000-0000-000000000031','33333333-0000-0000-0000-000000000012','Hạng premium',  350000,'PRM','#E91E63'),

-- E13 Hackathon AI
('55555555-0000-0000-0000-000000000032','33333333-0000-0000-0000-000000000013','Vé cá nhân',    200000,'IND','#2196F3'),
('55555555-0000-0000-0000-000000000033','33333333-0000-0000-0000-000000000013','Vé nhóm (5 người)',800000,'GRP','#4CAF50'),

-- E14 EduFair
('55555555-0000-0000-0000-000000000034','33333333-0000-0000-0000-000000000014','Vé tham quan',   50000,'STD','#607D8B'),
('55555555-0000-0000-0000-000000000035','33333333-0000-0000-0000-000000000014','Vé VIP Tư vấn', 200000,'VIP','#FFD700');

-- ============================================================
-- 6. ZONES (đa dạng layout mỗi session)
-- ============================================================

INSERT INTO zones (id, event_session_id, name, rows_count, cols_count, x_position, y_position, rotation) VALUES

-- Session 1: VMF Opening Night (E01S01)
('66666666-0000-0000-0000-000000000001','44444444-0000-0000-0000-000000000001','Khu VIP Diamond', 5,  10, 0.00,   0.00,  0.00),
('66666666-0000-0000-0000-000000000002','44444444-0000-0000-0000-000000000001','Khu VIP Gold',    8,  12, 0.00, 200.00,  0.00),
('66666666-0000-0000-0000-000000000003','44444444-0000-0000-0000-000000000001','Khu Standard A', 15,  20, 0.00, 500.00,  0.00),
('66666666-0000-0000-0000-000000000004','44444444-0000-0000-0000-000000000001','Khu Standard B', 15,  20,300.00, 500.00,  0.00),
('66666666-0000-0000-0000-000000000005','44444444-0000-0000-0000-000000000001','Fan Zone Trái',  10,  25, 0.00, 900.00,-15.00),
('66666666-0000-0000-0000-000000000006','44444444-0000-0000-0000-000000000001','Fan Zone Phải',  10,  25,600.00, 900.00, 15.00),

-- Session 2: VMF Grand Finale (E01S02)
('66666666-0000-0000-0000-000000000007','44444444-0000-0000-0000-000000000002','Khu VIP Diamond', 5,  10, 0.00,   0.00,  0.00),
('66666666-0000-0000-0000-000000000008','44444444-0000-0000-0000-000000000002','Khu VIP Gold',    8,  12, 0.00, 200.00,  0.00),
('66666666-0000-0000-0000-000000000009','44444444-0000-0000-0000-000000000002','Khu Standard',   20,  30, 0.00, 500.00,  0.00),
('66666666-0000-0000-0000-000000000010','44444444-0000-0000-0000-000000000002','Fan Zone',       15,  40, 0.00, 900.00,  0.00),

-- Session 3: Đêm nhạc Trịnh Công Sơn (E02S01)
('66666666-0000-0000-0000-000000000011','44444444-0000-0000-0000-000000000003','Hạng Đặc biệt',  3,   8, 0.00,   0.00,  0.00),
('66666666-0000-0000-0000-000000000012','44444444-0000-0000-0000-000000000003','Hạng A Left',    6,  10,50.00, 150.00,  0.00),
('66666666-0000-0000-0000-000000000013','44444444-0000-0000-0000-000000000003','Hạng A Right',   6,  10,250.00,150.00,  0.00),
('66666666-0000-0000-0000-000000000014','44444444-0000-0000-0000-000000000003','Hạng B',        10,  20, 0.00, 400.00,  0.00),

-- Session 4: Marathon 42km (E03S01) – Không có seat theo vị trí, dùng 1 zone đơn giản
('66666666-0000-0000-0000-000000000015','44444444-0000-0000-0000-000000000004','Bib – Full Marathon',1,100, 0.00, 0.00, 0.00),

-- Session 5: Fun Run 10km (E03S02)
('66666666-0000-0000-0000-000000000016','44444444-0000-0000-0000-000000000005','Bib – Half Marathon',1, 80, 0.00, 0.00, 0.00),
('66666666-0000-0000-0000-000000000017','44444444-0000-0000-0000-000000000005','Bib – Fun Run',      1,150, 0.00,100.00,0.00),

-- Session 6: V.League (E04S01)
('66666666-0000-0000-0000-000000000018','44444444-0000-0000-0000-000000000006','Khán đài VIP Bắc',  3, 20, 0.00,   0.00,  0.00),
('66666666-0000-0000-0000-000000000019','44444444-0000-0000-0000-000000000006','Khán đài A Đông',  20, 30,200.00, 100.00,  0.00),
('66666666-0000-0000-0000-000000000020','44444444-0000-0000-0000-000000000006','Khán đài A Tây',   20, 30,200.00, 100.00,  0.00),
('66666666-0000-0000-0000-000000000021','44444444-0000-0000-0000-000000000006','Khán đài B Nam',   30, 40, 0.00, 500.00,  0.00),

-- Session 7: Triển lãm nghệ thuật (E05S01) – no seat
('66666666-0000-0000-0000-000000000022','44444444-0000-0000-0000-000000000007','Khu Thường',         1, 200, 0.00,  0.00, 0.00),
('66666666-0000-0000-0000-000000000023','44444444-0000-0000-0000-000000000007','Khu Ưu tiên (Guided)', 1,  50, 0.00,100.00, 0.00),

-- Session 8: Múa rối nước S1 (E06S01)
('66666666-0000-0000-0000-000000000024','44444444-0000-0000-0000-000000000008','VIP Front Row',   2, 12, 0.00,  0.00, 0.00),
('66666666-0000-0000-0000-000000000025','44444444-0000-0000-0000-000000000008','Hạng A',          5, 15, 0.00,100.00, 0.00),
('66666666-0000-0000-0000-000000000026','44444444-0000-0000-0000-000000000008','Hạng B',         10, 20, 0.00,280.00, 0.00),

-- Session 9: Múa rối nước S2 (E06S02)
('66666666-0000-0000-0000-000000000027','44444444-0000-0000-0000-000000000009','VIP Front Row',   2, 12, 0.00,  0.00, 0.00),
('66666666-0000-0000-0000-000000000028','44444444-0000-0000-0000-000000000009','Hạng A',          5, 15, 0.00,100.00, 0.00),
('66666666-0000-0000-0000-000000000029','44444444-0000-0000-0000-000000000009','Hạng B',         10, 20, 0.00,280.00, 0.00),

-- Session 10: Tech Summit Day 1 (E07S01)
('66666666-0000-0000-0000-000000000030','44444444-0000-0000-0000-000000000010','VIP Lounge',      3, 10, 0.00,  0.00, 0.00),
('66666666-0000-0000-0000-000000000031','44444444-0000-0000-0000-000000000010','Hội trường chính',15, 30, 0.00,150.00, 0.00),
('66666666-0000-0000-0000-000000000032','44444444-0000-0000-0000-000000000010','Online Zone',      1,200, 0.00,700.00, 0.00),

-- Session 11: Tech Summit Day 2 (E07S02)
('66666666-0000-0000-0000-000000000033','44444444-0000-0000-0000-000000000011','VIP Lounge',      3, 10, 0.00,  0.00, 0.00),
('66666666-0000-0000-0000-000000000034','44444444-0000-0000-0000-000000000011','Hội trường chính',15, 30, 0.00,150.00, 0.00),
('66666666-0000-0000-0000-000000000035','44444444-0000-0000-0000-000000000011','Online Zone',      1,200, 0.00,700.00, 0.00);

-- ============================================================
-- 7. SEATS (chỉ tạo cho các session có data phong phú)
--    Dùng generate_series để tránh viết thủ công
-- ============================================================

-- Zone 66..001: VIP Diamond (5 hàng × 10 ghế = 50 ghế) → seat_type VIP Diamond
INSERT INTO seats (id, zone_id, seat_types_id, row_index, col_index, seat_number, status, select_by)
SELECT
  gen_random_uuid(),
  '66666666-0000-0000-0000-000000000001',
  '55555555-0000-0000-0000-000000000001',
  r, c,
  (r-1)*10 + c,
  'AVAILABLE',
  NULL
FROM generate_series(1,5) r, generate_series(1,10) c;

-- Zone 66..002: VIP Gold (8×12 = 96 ghế) → seat_type VIP Gold
INSERT INTO seats (id, zone_id, seat_types_id, row_index, col_index, seat_number, status, select_by)
SELECT
  gen_random_uuid(),
  '66666666-0000-0000-0000-000000000002',
  '55555555-0000-0000-0000-000000000002',
  r, c,
  (r-1)*12 + c,
  'AVAILABLE',
  NULL
FROM generate_series(1,8) r, generate_series(1,12) c;

-- Zone 66..003: Standard A (15×20 = 300 ghế) → seat_type Standard
INSERT INTO seats (id, zone_id, seat_types_id, row_index, col_index, seat_number, status, select_by)
SELECT
  gen_random_uuid(),
  '66666666-0000-0000-0000-000000000003',
  '55555555-0000-0000-0000-000000000003',
  r, c,
  (r-1)*20 + c,
  CASE WHEN random() < 0.15 THEN 'SOLD' ELSE 'AVAILABLE' END,
  NULL
FROM generate_series(1,15) r, generate_series(1,20) c;

-- Zone 66..004: Standard B (15×20 = 300 ghế) → seat_type Standard
INSERT INTO seats (id, zone_id, seat_types_id, row_index, col_index, seat_number, status, select_by)
SELECT
  gen_random_uuid(),
  '66666666-0000-0000-0000-000000000004',
  '55555555-0000-0000-0000-000000000003',
  r, c,
  (r-1)*20 + c,
  CASE WHEN random() < 0.10 THEN 'SOLD' ELSE 'AVAILABLE' END,
  NULL
FROM generate_series(1,15) r, generate_series(1,20) c;

-- Zone 66..011: Đêm nhạc Trịnh – Hạng Đặc biệt (3×8=24)
INSERT INTO seats (id, zone_id, seat_types_id, row_index, col_index, seat_number, status, select_by)
SELECT
  gen_random_uuid(),
  '66666666-0000-0000-0000-000000000011',
  '55555555-0000-0000-0000-000000000005',
  r, c,
  (r-1)*8 + c,
  CASE WHEN random() < 0.50 THEN 'SOLD' ELSE 'AVAILABLE' END,
  NULL
FROM generate_series(1,3) r, generate_series(1,8) c;

-- Zone 66..012: Hạng A Left (6×10=60)
INSERT INTO seats (id, zone_id, seat_types_id, row_index, col_index, seat_number, status, select_by)
SELECT
  gen_random_uuid(),
  '66666666-0000-0000-0000-000000000012',
  '55555555-0000-0000-0000-000000000006',
  r, c,
  (r-1)*10 + c,
  CASE WHEN random() < 0.40 THEN 'SOLD' ELSE 'AVAILABLE' END,
  NULL
FROM generate_series(1,6) r, generate_series(1,10) c;

-- Zone 66..013: Hạng A Right (6×10=60)
INSERT INTO seats (id, zone_id, seat_types_id, row_index, col_index, seat_number, status, select_by)
SELECT
  gen_random_uuid(),
  '66666666-0000-0000-0000-000000000013',
  '55555555-0000-0000-0000-000000000006',
  r, c,
  (r-1)*10 + c,
  CASE WHEN random() < 0.35 THEN 'SOLD' ELSE 'AVAILABLE' END,
  NULL
FROM generate_series(1,6) r, generate_series(1,10) c;

-- Zone 66..014: Hạng B (10×20=200)
INSERT INTO seats (id, zone_id, seat_types_id, row_index, col_index, seat_number, status, select_by)
SELECT
  gen_random_uuid(),
  '66666666-0000-0000-0000-000000000014',
  '55555555-0000-0000-0000-000000000007',
  r, c,
  (r-1)*20 + c,
  CASE WHEN random() < 0.25 THEN 'SOLD' ELSE 'AVAILABLE' END,
  NULL
FROM generate_series(1,10) r, generate_series(1,20) c;

-- Zone 66..018: V.League VIP Bắc (3×20=60)
INSERT INTO seats (id, zone_id, seat_types_id, row_index, col_index, seat_number, status, select_by)
SELECT
  gen_random_uuid(),
  '66666666-0000-0000-0000-000000000018',
  '55555555-0000-0000-0000-000000000011',
  r, c,
  (r-1)*20 + c,
  CASE WHEN random() < 0.30 THEN 'SOLD' ELSE 'AVAILABLE' END,
  NULL
FROM generate_series(1,3) r, generate_series(1,20) c;

-- Zone 66..019: Khán đài A Đông (20×30=600)
INSERT INTO seats (id, zone_id, seat_types_id, row_index, col_index, seat_number, status, select_by)
SELECT
  gen_random_uuid(),
  '66666666-0000-0000-0000-000000000019',
  '55555555-0000-0000-0000-000000000012',
  r, c,
  (r-1)*30 + c,
  CASE WHEN random() < 0.20 THEN 'SOLD' ELSE 'AVAILABLE' END,
  NULL
FROM generate_series(1,20) r, generate_series(1,30) c;

-- Zone 66..020: Khán đài A Tây (20×30=600)
INSERT INTO seats (id, zone_id, seat_types_id, row_index, col_index, seat_number, status, select_by)
SELECT
  gen_random_uuid(),
  '66666666-0000-0000-0000-000000000020',
  '55555555-0000-0000-0000-000000000012',
  r, c,
  (r-1)*30 + c,
  CASE WHEN random() < 0.18 THEN 'SOLD' ELSE 'AVAILABLE' END,
  NULL
FROM generate_series(1,20) r, generate_series(1,30) c;

-- Zone 66..024: Múa rối VIP (2×12=24) – COMPLETED nên tất cả đã SOLD
INSERT INTO seats (id, zone_id, seat_types_id, row_index, col_index, seat_number, status, select_by)
SELECT
  gen_random_uuid(),
  '66666666-0000-0000-0000-000000000024',
  '55555555-0000-0000-0000-000000000016',
  r, c,
  (r-1)*12 + c,
  'SOLD',
  NULL
FROM generate_series(1,2) r, generate_series(1,12) c;

-- Zone 66..025: Múa rối Hạng A (5×15=75)
INSERT INTO seats (id, zone_id, seat_types_id, row_index, col_index, seat_number, status, select_by)
SELECT
  gen_random_uuid(),
  '66666666-0000-0000-0000-000000000025',
  '55555555-0000-0000-0000-000000000017',
  r, c,
  (r-1)*15 + c,
  CASE WHEN random() < 0.80 THEN 'SOLD' ELSE 'AVAILABLE' END,
  NULL
FROM generate_series(1,5) r, generate_series(1,15) c;

-- Zone 66..026: Múa rối Hạng B (10×20=200)
INSERT INTO seats (id, zone_id, seat_types_id, row_index, col_index, seat_number, status, select_by)
SELECT
  gen_random_uuid(),
  '66666666-0000-0000-0000-000000000026',
  '55555555-0000-0000-0000-000000000018',
  r, c,
  (r-1)*20 + c,
  CASE WHEN random() < 0.70 THEN 'SOLD' ELSE 'AVAILABLE' END,
  NULL
FROM generate_series(1,10) r, generate_series(1,20) c;

-- ============================================================
-- 8. ORDERS (20 đơn hàng từ 20 users)
-- ============================================================

INSERT INTO orders (id, user_id, code, total_amount, status, expires_at, created_at, updated_at, canceled_at) VALUES
('77777777-0000-0000-0000-000000000001','22222222-0000-0000-0000-000000000001','TR-2024-000001',1200000,'PAID',       '2026-06-01 22:00:00','2026-03-20 10:00:00','2026-03-20 10:30:00',NULL),
('77777777-0000-0000-0000-000000000002','22222222-0000-0000-0000-000000000002','TR-2024-000002',1600000,'PAID',       '2026-06-01 22:00:00','2026-03-21 11:00:00','2026-03-21 11:20:00',NULL),
('77777777-0000-0000-0000-000000000003','22222222-0000-0000-0000-000000000003','TR-2024-000003', 800000,'PAID',       '2026-06-01 22:00:00','2026-03-22 14:00:00','2026-03-22 14:10:00',NULL),
('77777777-0000-0000-0000-000000000004','22222222-0000-0000-0000-000000000004','TR-2024-000004', 500000,'CANCELLED',  '2026-06-01 22:00:00','2026-03-23 09:00:00','2026-03-23 09:05:00','2026-03-23 09:10:00'),
('77777777-0000-0000-0000-000000000005','22222222-0000-0000-0000-000000000005','TR-2024-000005',1800000,'PAID',       '2026-08-15 21:00:00','2026-06-01 10:00:00','2026-06-01 10:15:00',NULL),
('77777777-0000-0000-0000-000000000006','22222222-0000-0000-0000-000000000006','TR-2024-000006',2500000,'PAID',       '2026-08-15 21:00:00','2026-06-02 11:00:00','2026-06-02 11:20:00',NULL),
('77777777-0000-0000-0000-000000000007','22222222-0000-0000-0000-000000000007','TR-2024-000007', 400000,'PAID',       '2026-08-15 21:00:00','2026-06-03 08:00:00','2026-06-03 08:05:00',NULL),
('77777777-0000-0000-0000-000000000008','22222222-0000-0000-0000-000000000008','TR-2024-000008',1500000,'PAID',       '2024-10-20 12:00:00','2024-09-01 09:00:00','2024-09-01 09:10:00',NULL),
('77777777-0000-0000-0000-000000000009','22222222-0000-0000-0000-000000000009','TR-2024-000009', 900000,'PAID',       '2024-10-20 12:00:00','2024-09-05 10:00:00','2024-09-05 10:05:00',NULL),
('77777777-0000-0000-0000-000000000010','22222222-0000-0000-0000-000000000010','TR-2024-000010', 400000,'CANCELLED_BY_TIME_OUT','2024-09-15 10:30:00','2024-09-15 10:00:00','2024-09-15 10:30:00',NULL),
('77777777-0000-0000-0000-000000000011','22222222-0000-0000-0000-000000000011','TR-2024-000011', 300000,'PAID',       '2026-06-18 20:00:00','2026-06-10 09:00:00','2026-06-10 09:10:00',NULL),
('77777777-0000-0000-0000-000000000012','22222222-0000-0000-0000-000000000012','TR-2024-000012', 150000,'PAID',       '2026-06-18 20:00:00','2026-06-12 10:00:00','2026-06-12 10:05:00',NULL),
('77777777-0000-0000-0000-000000000013','22222222-0000-0000-0000-000000000013','TR-2024-000013',5000000,'PAID',       '2026-06-15 18:00:00','2026-03-01 08:00:00','2026-03-01 08:20:00',NULL),
('77777777-0000-0000-0000-000000000014','22222222-0000-0000-0000-000000000014','TR-2024-000014',2000000,'PAID',       '2026-06-15 18:00:00','2026-03-05 09:00:00','2026-03-05 09:10:00',NULL),
('77777777-0000-0000-0000-000000000015','22222222-0000-0000-0000-000000000015','TR-2024-000015', 500000,'PAID',       '2026-06-15 18:00:00','2026-03-10 10:00:00','2026-03-10 10:05:00',NULL),
('77777777-0000-0000-0000-000000000016','22222222-0000-0000-0000-000000000016','TR-2024-000016', 100000,'PAID',       '2024-11-30 22:00:00','2024-10-01 08:00:00','2024-10-01 08:05:00',NULL),
('77777777-0000-0000-0000-000000000017','22222222-0000-0000-0000-000000000017','TR-2024-000017', 500000,'PAID',       '2026-01-25 22:00:00','2026-01-10 09:00:00','2026-01-10 09:10:00',NULL),
('77777777-0000-0000-0000-000000000018','22222222-0000-0000-0000-000000000018','TR-2024-000018', 200000,'PAID',       '2026-06-16 08:00:00','2026-06-20 11:00:00','2026-06-20 11:05:00',NULL),
('77777777-0000-0000-0000-000000000019','22222222-0000-0000-0000-000000000019','TR-2024-000019',  50000,'PAID',       '2024-12-15 17:00:00','2024-11-01 08:00:00','2024-11-01 08:05:00',NULL),
('77777777-0000-0000-0000-000000000020','22222222-0000-0000-0000-000000000020','TR-2024-000020', 200000,'CANCELLED',  '2024-12-15 17:00:00','2024-11-05 09:00:00','2024-11-05 09:05:00','2024-11-05 09:30:00');

-- ============================================================
-- End of seed
-- ============================================================
